{"cameraMode":{"drawMode":0,"name":"Shaded","section":"Shading Mode"},"sceneLighting":true,"audioPlay":false,"sceneViewState":{"showFog":true,"showMaterialUpdate":false,"showSkybox":true,"showFlares":true,"showImageEffects":true,"showParticleSystems":true},"in2DMode":false,"pivot":{"x":3.4391369819641115,"y":6.445769309997559,"z":-23.305261611938478},"rotation":{"x":-0.2906409204006195,"y":-0.1209455132484436,"z":0.03702954947948456,"w":-0.9485823512077332},"size":5.2633137702941898,"orthographic":false}